orthogroup	n	avg_bp_length
OG0000000	185	647.841059602649
OG0000001	198	328.4942528735632
OG0000002	180	308.5833333333333
OG0000003	139	2345.328767123288
OG0000004	103	316.93333333333334
OG0000005	86	950.0981595092024
OG0000006	45	240.80281690140845
OG0000007	59	1026.74
OG0000008	72	2787.6875
OG0000009	72	645.1726618705036
OG0000010	50	594.8303571428571
OG0000011	48	396.1463414634146
OG0000012	57	228.43636363636364
OG0000013	54	216.13888888888889
OG0000014	40	3195.7128712871286
OG0000015	24	484.6774193548387
OG0000016	39	816.4756097560976
OG0000017	62	867.2884615384615
OG0000018	58	670.1684210526316
OG0000019	67	492.2857142857143
OG0000020	63	264.27
OG0000021	49	442.66265060240966
OG0000022	46	427.4025974025974
OG0000023	43	430.8
OG0000024	38	200.8181818181818
OG0000025	51	393.17857142857144
OG0000026	35	488.5833333333333
OG0000027	46	761.1111111111111
OG0000028	39	941.0506329113924
OG0000029	36	552.5526315789474
OG0000030	36	859.8
OG0000031	54	736.08
OG0000032	39	363.2916666666667
OG0000033	36	752.8815789473684
OG0000034	37	397.3235294117647
OG0000035	38	1700.837837837838
OG0000036	38	482.11764705882354
OG0000037	36	3761.095890410959
OG0000038	35	599.4
OG0000039	35	555
OG0000040	36	464.46774193548384
OG0000041	34	1619.375
OG0000042	22	273.1666666666667
OG0000043	36	1051.142857142857
OG0000044	36	997.5967741935484
OG0000045	33	199.52173913043478
OG0000046	32	1445.4
OG0000047	35	1632
OG0000048	24	1117.5
OG0000049	40	485.19642857142856
OG0000050	31	289
OG0000051	36	138.6086956521739
OG0000052	17	436.2692307692308
OG0000053	34	655.65
OG0000054	15	764.1063829787234
OG0000055	36	2142.1875
OG0000056	19	804.639344262295
OG0000057	37	1280
OG0000058	18	1623.8793103448277
OG0000059	11	216
OG0000060	55	337.3965517241379
OG0000061	23	1290.340909090909
OG0000062	24	2239.6046511627906
OG0000063	18	441.40384615384613
OG0000064	20	814.1162790697674
OG0000065	25	281.53846153846155
OG0000066	20	296.7551020408163
OG0000067	36	444.10714285714283
OG0000068	18	1104.6346153846155
OG0000069	36	1065.5217391304348
OG0000070	26	228.375
OG0000071	18	542.3888888888889
OG0000072	35	446.6727272727273
OG0000073	18	407.8775510204082
OG0000074	9	2802.2727272727275
OG0000075	18	966.9230769230769
OG0000076	18	1291.5
OG0000077	21	1078.05
OG0000078	20	318.8666666666667
OG0000079	18	1071.625
OG0000080	28	526.1111111111111
OG0000081	22	305.54347826086956
OG0000082	27	1349.0869565217392
OG0000083	29	302.04
OG0000084	26	930.7826086956521
OG0000085	22	366.25531914893617
OG0000086	20	584.7058823529412
OG0000087	24	1793.3181818181818
OG0000088	19	676.6744186046511
OG0000089	18	461.36170212765956
OG0000090	25	692.4285714285714
OG0000091	17	1183.4571428571428
OG0000092	18	1119.7857142857142
OG0000093	16	267.72972972972974
OG0000094	18	481.14285714285717
OG0000095	26	686.8571428571429
OG0000096	18	460.4634146341463
OG0000097	18	942.2368421052631
OG0000098	21	467.1219512195122
OG0000099	20	460.92857142857144
OG0000100	19	767.9285714285714
OG0000101	18	2113.153846153846
OG0000102	18	455.3333333333333
OG0000103	26	430.3695652173913
OG0000104	18	782.775
OG0000105	18	785.625
OG0000106	18	289.2631578947368
OG0000107	18	5193.976744186047
OG0000108	21	1213.8
OG0000109	27	2634.4285714285716
OG0000110	18	4645.5
OG0000111	18	595.1842105263158
OG0000112	18	1137
OG0000113	18	817.3421052631579
OG0000114	18	2211
OG0000115	18	1490.7631578947369
OG0000116	18	1314.5526315789473
OG0000117	18	1649.7631578947369
OG0000118	18	609
OG0000119	18	1215.3076923076924
OG0000120	18	1203
OG0000121	18	956.4615384615385
OG0000122	18	758.5263157894736
OG0000123	18	702
OG0000124	18	393.3157894736842
OG0000125	18	1567.6153846153845
OG0000126	19	729
OG0000127	18	1611.2368421052631
OG0000128	18	768.2368421052631
OG0000129	18	1316
OG0000130	18	1156.4166666666667
OG0000131	18	792
OG0000132	18	401.5263157894737
OG0000133	18	1581.923076923077
OG0000134	18	730.6153846153846
OG0000135	21	1099.0975609756097
OG0000136	22	796.0769230769231
OG0000137	18	312.7105263157895
OG0000138	18	323.2105263157895
OG0000139	8	144
OG0000140	18	478.6363636363636
OG0000141	21	329.0625
OG0000142	18	826.6578947368421
OG0000143	18	597
OG0000144	18	589.8947368421053
OG0000145	18	708
OG0000146	18	875.6842105263158
OG0000147	18	824.5263157894736
OG0000148	18	510.39473684210526
OG0000149	18	844.2631578947369
OG0000150	18	299.92105263157896
OG0000151	18	643.578947368421
OG0000152	18	590.921052631579
OG0000153	18	796.9736842105264
OG0000154	18	465
OG0000155	18	504.4736842105263
OG0000156	18	1228.1052631578948
OG0000157	18	1576.578947368421
OG0000158	18	323.92105263157896
OG0000159	18	3121.1052631578946
OG0000160	18	2490.5526315789475
OG0000161	18	999
OG0000162	18	1320
OG0000163	18	921
OG0000164	18	1406.1315789473683
OG0000165	18	785.5263157894736
OG0000166	18	1533
OG0000167	18	1964.4473684210527
OG0000168	18	1764.2368421052631
OG0000169	18	747.3947368421053
OG0000170	18	1173
OG0000171	18	1201.1052631578948
OG0000172	18	649.3421052631579
OG0000173	18	1099.7368421052631
OG0000174	18	661.578947368421
OG0000175	18	1784.921052631579
OG0000176	18	723
OG0000177	18	563.2105263157895
OG0000178	18	1893
OG0000179	18	1144.342105263158
OG0000180	18	906
OG0000181	18	915
OG0000182	18	1822.342105263158
OG0000183	18	849
OG0000184	18	866.8421052631579
OG0000185	18	760.8947368421053
OG0000186	18	930
OG0000187	18	528.6315789473684
OG0000188	18	1156.8947368421052
OG0000189	18	588
OG0000190	18	252
OG0000191	18	750.9473684210526
OG0000192	18	207.31578947368422
OG0000193	18	402
OG0000194	18	1084.578947368421
OG0000195	18	2415
OG0000196	18	909
OG0000197	18	831
OG0000198	18	867
OG0000199	18	906
OG0000200	18	357.1578947368421
OG0000201	18	1307.0526315789473
OG0000202	18	1701
OG0000203	18	648
OG0000204	18	1329
OG0000205	18	381
OG0000206	18	2287.4210526315787
OG0000207	18	479.6842105263158
OG0000208	18	697.7368421052631
OG0000209	18	994.8157894736842
OG0000210	18	1211.4473684210527
OG0000211	18	530.5263157894736
OG0000212	18	251.52631578947367
OG0000213	18	758.0526315789474
OG0000214	18	667.1052631578947
OG0000215	18	627.3157894736842
OG0000216	18	2688
OG0000217	18	267
OG0000218	18	1569.3157894736842
OG0000219	18	1122
OG0000220	18	1135.1842105263158
OG0000221	18	466.42105263157896
OG0000222	18	991.1052631578947
OG0000223	18	2019
OG0000224	18	667.6578947368421
OG0000225	18	634.3421052631579
OG0000226	18	819
OG0000227	18	1221
OG0000228	18	510.2368421052632
OG0000229	18	566.2105263157895
OG0000230	18	565.8157894736842
OG0000231	18	875.5263157894736
OG0000232	18	1368.4736842105262
OG0000233	18	999
OG0000234	18	991.8947368421053
OG0000235	18	582
OG0000236	18	1311
OG0000237	18	2199.157894736842
OG0000238	18	270
OG0000239	18	1629
OG0000240	18	406.57894736842104
OG0000241	18	1623.6315789473683
OG0000242	18	623.7631578947369
OG0000243	18	724.8157894736842
OG0000244	18	1269
OG0000245	18	414
OG0000246	18	1581.2368421052631
OG0000247	18	1023
OG0000248	18	483.39473684210526
OG0000249	18	1376.4473684210527
OG0000250	18	489.55263157894734
OG0000251	18	689.6052631578947
OG0000252	18	323.7631578947368
OG0000253	18	1936.1052631578948
OG0000254	18	732
OG0000255	18	564.1578947368421
OG0000256	18	774.7105263157895
OG0000257	18	939
OG0000258	18	1046.7631578947369
OG0000259	18	1468.1842105263158
OG0000260	18	1291.578947368421
OG0000261	18	759
OG0000262	18	846.2368421052631
OG0000263	18	611.5263157894736
OG0000264	18	2916
OG0000265	18	479.13157894736844
OG0000266	18	448.10526315789474
OG0000267	18	563.2105263157895
OG0000268	18	1332
OG0000269	18	771.1578947368421
OG0000270	18	244.81578947368422
OG0000271	18	1321.657894736842
OG0000272	18	1029.9473684210527
OG0000273	18	237
OG0000274	18	1845.4736842105262
OG0000275	18	1089.2368421052631
OG0000276	18	1156.0263157894738
OG0000277	18	1172.4473684210527
OG0000278	18	1290
OG0000279	18	1461.7105263157894
OG0000280	18	885
OG0000281	18	1005
OG0000282	18	1431
OG0000283	18	2557.7368421052633
OG0000284	18	412.57894736842104
OG0000285	18	1432.2631578947369
OG0000286	18	1284
OG0000287	18	900
OG0000288	18	743.6842105263158
OG0000289	18	1374
OG0000290	18	221.92105263157896
OG0000291	18	1128.3947368421052
OG0000292	18	3132.4736842105262
OG0000293	18	1665
OG0000294	18	482.13157894736844
OG0000295	18	270
OG0000296	18	736.2631578947369
OG0000297	18	1023.7105263157895
OG0000298	18	1143.7894736842106
OG0000299	18	1258.2631578947369
OG0000300	18	594.3947368421053
OG0000301	18	1237.7368421052631
OG0000302	18	1311
OG0000303	18	519.9473684210526
OG0000304	18	561
OG0000305	18	294
OG0000306	18	531
OG0000307	18	1827
OG0000308	18	1377.4736842105262
OG0000309	18	2025
OG0000310	18	1257
OG0000311	18	893.2105263157895
OG0000312	18	992.1315789473684
OG0000313	18	364.2631578947368
OG0000314	18	1385.842105263158
OG0000315	18	1553.5263157894738
OG0000316	18	1500
OG0000317	18	1287
OG0000318	18	1566.3947368421052
OG0000319	18	1047.4736842105262
OG0000320	18	852
OG0000321	18	885
OG0000322	18	1337.6052631578948
OG0000323	18	927.3157894736842
OG0000324	18	885.2368421052631
OG0000325	18	756.7105263157895
OG0000326	18	225
OG0000327	18	399
OG0000328	18	2147.4473684210525
OG0000329	18	975
OG0000330	18	867.1578947368421
OG0000331	18	1080
OG0000332	18	442.89473684210526
OG0000333	18	2729.3684210526317
OG0000334	18	954.3157894736842
OG0000335	18	1233.4736842105262
OG0000336	18	1352.2105263157894
OG0000337	18	787.421052631579
OG0000338	18	255.23684210526315
OG0000339	18	745.3421052631579
OG0000340	18	1257.078947368421
OG0000341	18	1358.921052631579
OG0000342	18	1773
OG0000343	18	671.8421052631579
OG0000344	18	1426.8157894736842
OG0000345	18	430.2631578947368
OG0000346	18	771.078947368421
OG0000347	18	231
OG0000348	18	567
OG0000349	18	495
OG0000350	18	943.578947368421
OG0000351	18	1695
OG0000352	18	1037.5263157894738
OG0000353	18	792
OG0000354	18	648.7105263157895
OG0000355	18	963
OG0000356	18	526.6578947368421
OG0000357	18	1275.7105263157894
OG0000358	18	1005.7105263157895
OG0000359	18	624
OG0000360	18	905.8421052631579
OG0000361	18	819
OG0000362	18	1089
OG0000363	18	1106.0526315789473
OG0000364	18	254.92105263157896
OG0000365	18	1915.8947368421052
OG0000366	18	1420.2631578947369
OG0000367	18	545.0526315789474
OG0000368	18	936.3157894736842
OG0000369	18	1054.1052631578948
OG0000370	18	468
OG0000371	18	585
OG0000372	18	2888.684210526316
OG0000373	18	696
OG0000374	18	1084.7368421052631
OG0000375	18	502.7368421052632
OG0000376	18	636.6315789473684
OG0000377	18	2668.4210526315787
OG0000378	18	603
OG0000379	18	2094.315789473684
OG0000380	18	438
OG0000381	18	411
OG0000382	18	375.7894736842105
OG0000383	18	838.8947368421053
OG0000384	18	218.05263157894737
OG0000385	18	668.7631578947369
OG0000386	18	1417.421052631579
OG0000387	18	774.8684210526316
OG0000388	18	480
OG0000389	18	1977.5526315789473
OG0000390	18	1514.921052631579
OG0000391	18	687
OG0000392	18	1383
OG0000393	18	2628
OG0000394	18	832.7368421052631
OG0000395	18	760.7368421052631
OG0000396	18	606
OG0000397	18	198
OG0000398	18	951
OG0000399	18	1826.6052631578948
OG0000400	18	1210.1052631578948
OG0000401	18	802.578947368421
OG0000402	18	1089.7105263157894
OG0000403	18	905.2105263157895
OG0000404	18	2196.6315789473683
OG0000405	18	791.5263157894736
OG0000406	18	2093.0526315789475
OG0000407	18	885
OG0000408	18	683.2105263157895
OG0000409	18	399
OG0000410	18	2224.815789473684
OG0000411	18	582
OG0000412	18	592.8157894736842
OG0000413	18	402
OG0000414	18	816.5526315789474
OG0000415	18	708
OG0000416	18	906
OG0000417	18	747
OG0000418	18	860.5263157894736
OG0000419	18	618.2368421052631
OG0000420	18	1329
OG0000421	18	1508.3684210526317
OG0000422	18	699
OG0000423	18	841.421052631579
OG0000424	18	750.2368421052631
OG0000425	18	1490.1315789473683
OG0000426	18	582
OG0000427	18	1396.1052631578948
OG0000428	18	597.1578947368421
OG0000429	18	981.1578947368421
OG0000430	18	250.26315789473685
OG0000431	18	407.2894736842105
OG0000432	18	588
OG0000433	18	945
OG0000434	18	738
OG0000435	18	237
OG0000436	18	1066.8947368421052
OG0000437	18	683.3684210526316
OG0000438	18	831.7105263157895
OG0000439	18	1014.7894736842105
OG0000440	18	968.8421052631579
OG0000441	18	1093.342105263158
OG0000442	18	1190.7631578947369
OG0000443	18	447
OG0000444	18	1290
OG0000445	18	423
OG0000446	18	595.0263157894736
OG0000447	18	1986
OG0000448	18	862.1052631578947
OG0000449	18	311.2105263157895
OG0000450	18	1278
OG0000451	18	662.7631578947369
OG0000452	18	1176.3947368421052
OG0000453	18	453.63157894736844
OG0000454	18	387
OG0000455	18	861.4736842105264
OG0000456	18	1891.2631578947369
OG0000457	18	765
OG0000458	18	452.92105263157896
OG0000459	18	1629
OG0000460	18	844.1052631578947
OG0000461	18	1270.9736842105262
OG0000462	18	312.94736842105266
OG0000463	18	1041
OG0000464	18	1365
OG0000465	18	1335.6315789473683
OG0000466	18	1479.4736842105262
OG0000467	18	963
OG0000468	18	462
OG0000469	18	1080.8684210526317
OG0000470	18	439.42105263157896
OG0000471	18	1359
OG0000472	18	632.6842105263158
OG0000473	18	1275
OG0000474	18	2425.657894736842
OG0000475	18	279
OG0000476	18	1435.342105263158
OG0000477	18	1500
OG0000478	18	399
OG0000479	18	417.39473684210526
OG0000480	18	737.1315789473684
OG0000481	18	833.8421052631579
OG0000482	18	215.68421052631578
OG0000483	18	531.4736842105264
OG0000484	18	429
OG0000485	18	701.8421052631579
OG0000486	18	528.7105263157895
OG0000487	18	4152.1578947368425
OG0000488	18	4212
OG0000489	18	690.5526315789474
OG0000490	18	1420.578947368421
OG0000491	18	279.3157894736842
OG0000492	18	1349.1315789473683
OG0000493	18	408.55263157894734
OG0000494	18	423
OG0000495	18	462
OG0000496	18	831.3947368421053
OG0000497	18	777.8684210526316
OG0000498	18	924
OG0000499	18	720
OG0000500	18	561
OG0000501	18	1139.4473684210527
OG0000502	18	2397.2368421052633
OG0000503	18	1047
OG0000504	18	468
OG0000505	18	822.3157894736842
OG0000506	18	873
OG0000507	18	1193.842105263158
OG0000508	18	772.6578947368421
OG0000509	18	708
OG0000510	18	721.3421052631579
OG0000511	18	1296
OG0000512	18	1429.421052631579
OG0000513	18	706.421052631579
OG0000514	18	560.1315789473684
OG0000515	18	1395.3157894736842
OG0000516	18	1378.342105263158
OG0000517	18	1668.7105263157894
OG0000518	18	1376.921052631579
OG0000519	18	1404.5526315789473
OG0000520	18	1385.1315789473683
OG0000521	18	363
OG0000522	18	465.2368421052632
OG0000523	18	376.57894736842104
OG0000524	18	285.2368421052632
OG0000525	18	4559.210526315789
OG0000526	18	1090.8157894736842
OG0000527	18	1311.7894736842106
OG0000528	18	483
OG0000529	18	1128
OG0000530	18	618
OG0000531	18	457.57894736842104
OG0000532	18	480
OG0000533	18	591.5526315789474
OG0000534	18	1075.8947368421052
OG0000535	18	975
OG0000536	18	322.89473684210526
OG0000537	18	504
OG0000538	18	1985.842105263158
OG0000539	18	622.6578947368421
OG0000540	18	1358.7631578947369
OG0000541	18	494.92105263157896
OG0000542	18	982.421052631579
OG0000543	18	633.1578947368421
OG0000544	18	558.3947368421053
OG0000545	18	168
OG0000546	18	2275.9736842105262
OG0000547	18	1226.4473684210527
OG0000548	18	1301.5263157894738
OG0000549	18	960.7105263157895
OG0000550	18	1624.7368421052631
OG0000551	18	480
OG0000552	18	288
OG0000553	18	1483.657894736842
OG0000554	18	783
OG0000555	18	1058.5263157894738
OG0000556	18	1077
OG0000557	18	1135.8157894736842
OG0000558	18	588.5526315789474
OG0000559	18	779.3684210526316
OG0000560	18	213
OG0000561	18	795
OG0000562	18	831
OG0000563	18	717
OG0000564	18	834.1578947368421
OG0000565	18	820.8157894736842
OG0000566	18	639.078947368421
OG0000567	18	888.5526315789474
OG0000568	18	645.9473684210526
OG0000569	18	1560
OG0000570	18	774
OG0000571	18	810
OG0000572	18	376.1842105263158
OG0000573	18	486
OG0000574	18	465
OG0000575	18	1785
OG0000576	18	2065.1052631578946
OG0000577	18	738.4736842105264
OG0000578	18	838.4571428571429
OG0000579	18	582
OG0000580	18	1191
OG0000581	18	669.5526315789474
OG0000582	18	1308
OG0000583	18	2070
OG0000584	18	1048.1052631578948
OG0000585	18	492
OG0000586	18	621
OG0000587	18	309.1578947368421
OG0000588	18	1965
OG0000589	18	1495.578947368421
OG0000590	18	1455
OG0000591	18	806.921052631579
OG0000592	18	1677
OG0000593	18	1327.2631578947369
OG0000594	18	1269
OG0000595	18	681
OG0000596	18	289.57894736842104
OG0000597	18	3501
OG0000598	18	612
OG0000599	18	2628.7105263157896
OG0000600	18	1230
OG0000601	18	2451.7894736842104
OG0000602	18	966.4736842105264
OG0000603	18	476.5263157894737
OG0000604	18	1254
OG0000605	18	681
OG0000606	18	1146
OG0000607	18	1512
OG0000608	18	756.2368421052631
OG0000609	18	1280.921052631579
OG0000610	18	1246.421052631579
OG0000611	18	402
OG0000612	18	334.7368421052632
OG0000613	18	333.07894736842104
OG0000614	18	1225.1052631578948
OG0000615	18	810
OG0000616	18	306
OG0000617	18	689.2894736842105
OG0000618	18	1213.2631578947369
OG0000619	18	1083.6315789473683
OG0000620	18	612
OG0000621	18	2541.5526315789475
OG0000622	18	499.42105263157896
OG0000623	18	421.3421052631579
OG0000624	18	534
OG0000625	18	675
OG0000626	18	1306.657894736842
OG0000627	18	549
OG0000628	18	765
OG0000629	18	240
OG0000630	18	672.3157894736842
OG0000631	18	234
OG0000632	18	332.92105263157896
OG0000633	18	1257
OG0000634	18	2250
OG0000635	18	1794
OG0000636	18	1153.5
OG0000637	18	1514.842105263158
OG0000638	18	2174.3684210526317
OG0000639	18	248.8421052631579
OG0000640	18	1253.1315789473683
OG0000641	18	3489.4736842105262
OG0000642	18	2109
OG0000643	18	1824
OG0000644	18	1357.1052631578948
OG0000645	18	795.8684210526316
OG0000646	18	324
OG0000647	18	1202.6052631578948
OG0000648	18	1758
OG0000649	18	2506.7368421052633
OG0000650	18	1107.078947368421
OG0000651	18	987
OG0000652	18	1215
OG0000653	18	521.3684210526316
OG0000654	18	2786.5263157894738
OG0000655	18	512.4473684210526
OG0000656	18	1410
OG0000657	18	548.8421052631579
OG0000658	18	783.1578947368421
OG0000659	18	984
OG0000660	18	1787.0526315789473
OG0000661	18	2668.5
OG0000662	18	1044
OG0000663	18	1319.5263157894738
OG0000664	18	1395
OG0000665	18	429
OG0000666	18	1044.3157894736842
OG0000667	18	390
OG0000668	18	369
OG0000669	18	578.921052631579
OG0000670	18	1347
OG0000671	18	468
OG0000672	18	207
OG0000673	18	549
OG0000674	18	363
OG0000675	18	534
OG0000676	18	399
OG0000677	18	306
OG0000678	18	558
OG0000679	18	315
OG0000680	18	369
OG0000681	18	240.23684210526315
OG0000682	18	201
OG0000683	18	414
OG0000684	18	711
OG0000685	18	390
OG0000686	18	279
OG0000687	18	834
OG0000688	18	294
OG0000689	18	621
OG0000690	18	739.578947368421
OG0000691	18	309
OG0000692	18	471
OG0000693	18	372
OG0000694	18	791.8421052631579
OG0000695	18	906
OG0000696	18	746.6842105263158
OG0000697	18	717
OG0000698	18	747
OG0000699	18	2727
OG0000700	18	567
OG0000701	18	1258.9736842105262
OG0000702	18	675
OG0000703	18	2366.2894736842104
OG0000704	18	2515.184210526316
OG0000705	18	949.2631578947369
OG0000706	18	1560.7105263157894
OG0000707	18	1401.4736842105262
OG0000708	18	1020
OG0000709	18	735
OG0000710	18	1121.2105263157894
OG0000711	18	873.2368421052631
OG0000712	18	1520.842105263158
OG0000713	18	937.3421052631579
OG0000714	18	1146.157894736842
OG0000715	18	510
OG0000716	18	795
OG0000717	18	545.2894736842105
OG0000718	18	183.71052631578948
OG0000719	18	2335.4210526315787
OG0000720	18	582
OG0000721	18	870
OG0000722	18	2156.2105263157896
OG0000723	18	1662
OG0000724	18	888.9473684210526
OG0000725	18	873.7105263157895
OG0000726	18	1772.4473684210527
OG0000727	18	1300.8947368421052
OG0000728	18	912
OG0000729	18	921
OG0000730	18	979.9736842105264
OG0000731	18	1426.1052631578948
OG0000732	18	1137
OG0000733	18	1152.4736842105262
OG0000734	18	1435.578947368421
OG0000735	18	1071
OG0000736	18	1425.157894736842
OG0000737	18	1452
OG0000738	18	406.42105263157896
OG0000739	18	1001.8421052631579
OG0000740	18	540
OG0000741	18	734.2105263157895
OG0000742	18	2015.3684210526317
OG0000743	18	1938
OG0000744	18	1218
OG0000745	18	251.76315789473685
OG0000746	18	520.1842105263158
OG0000747	18	3486
OG0000748	18	210
OG0000749	18	955.421052631579
OG0000750	18	537.1578947368421
OG0000751	18	651
OG0000752	18	709.7368421052631
OG0000753	18	501
OG0000754	18	270.63157894736844
OG0000755	18	876.1578947368421
OG0000756	18	1081.342105263158
OG0000757	18	786.078947368421
OG0000758	18	933
OG0000759	18	628.421052631579
OG0000760	18	582
OG0000761	18	745.9736842105264
OG0000762	18	1104
OG0000763	18	441
OG0000764	18	474.7105263157895
OG0000765	18	1254
OG0000766	18	1032
OG0000767	18	912
OG0000768	18	2803.7368421052633
OG0000769	18	2097
OG0000770	18	582.3157894736842
OG0000771	18	894.6315789473684
OG0000772	18	909.9473684210526
OG0000773	18	1226.6842105263158
OG0000774	18	276
OG0000775	18	387.1578947368421
OG0000776	18	639
OG0000777	18	597
OG0000778	18	1119
OG0000779	18	953.8421052631579
OG0000780	18	783
OG0000781	18	880.2631578947369
OG0000782	18	930
OG0000783	18	1073.842105263158
OG0000784	18	1612.657894736842
OG0000785	18	615
OG0000786	18	1431
OG0000787	18	747
OG0000788	18	921
OG0000789	18	1649.1315789473683
OG0000790	18	1079.3684210526317
OG0000791	18	889.421052631579
OG0000792	18	379.8157894736842
OG0000793	18	792
OG0000794	18	414
OG0000795	18	1847.7631578947369
OG0000796	18	646.3421052631579
OG0000797	18	693
OG0000798	18	813
OG0000799	18	621.078947368421
OG0000800	18	1083.7105263157894
OG0000801	18	1134
OG0000802	18	1116
OG0000803	18	2804.2894736842104
OG0000804	18	369
OG0000805	18	1115.921052631579
OG0000806	18	207
OG0000807	18	1032
OG0000808	18	480
OG0000809	18	1333.0263157894738
OG0000810	18	866.2894736842105
OG0000811	18	1428.4736842105262
OG0000812	18	679.0263157894736
OG0000813	18	418.2631578947368
OG0000814	18	846
OG0000815	18	1555.421052631579
OG0000816	18	1071.6315789473683
OG0000817	18	297
OG0000818	18	1627.657894736842
OG0000819	18	519.7105263157895
OG0000820	18	1012.1052631578947
OG0000821	18	1987.2631578947369
OG0000822	18	1424.5263157894738
OG0000823	18	204.23684210526315
OG0000824	18	795
OG0000825	18	1014
OG0000826	18	438.7894736842105
OG0000827	18	1138.8157894736842
OG0000828	18	516.9473684210526
OG0000829	18	696.7105263157895
OG0000830	18	786.1578947368421
OG0000831	18	2587.5789473684213
OG0000832	18	746.4473684210526
OG0000833	18	219
OG0000834	18	496.57894736842104
OG0000835	18	1248
OG0000836	18	828.7105263157895
OG0000837	18	390
OG0000838	18	328.0263157894737
OG0000839	18	586.3421052631579
OG0000840	18	1200.3947368421052
OG0000841	18	624
OG0000842	18	815.8421052631579
OG0000843	18	883.8947368421053
OG0000844	18	335.8421052631579
OG0000845	18	448.2631578947368
OG0000846	18	2187
OG0000847	18	1582.2631578947369
OG0000848	18	1709.4473684210527
OG0000849	18	515.2894736842105
OG0000850	18	694.8947368421053
OG0000851	18	761.921052631579
OG0000852	18	222
OG0000853	18	575.5263157894736
OG0000854	18	851.7631578947369
OG0000855	18	660.1578947368421
OG0000856	18	616.8157894736842
OG0000857	18	1097.3684210526317
OG0000858	18	713.7631578947369
OG0000859	18	453
OG0000860	18	1196.6052631578948
OG0000861	18	1008
OG0000862	18	2007
OG0000863	18	292.89473684210526
OG0000864	18	376.7368421052632
OG0000865	18	525.9473684210526
OG0000866	18	259.42105263157896
OG0000867	18	1865.6052631578948
OG0000868	18	652.1052631578947
OG0000869	18	1484.6052631578948
OG0000870	18	912
OG0000871	18	1606.7368421052631
OG0000872	18	334.1842105263158
OG0000873	18	585
OG0000874	18	903
OG0000875	18	1244.5263157894738
OG0000876	18	286.42105263157896
OG0000877	18	1006.3421052631579
OG0000878	18	1648.1842105263158
OG0000879	18	918.078947368421
OG0000880	18	1536
OG0000881	18	585
OG0000882	18	604.8947368421053
OG0000883	18	2647.2631578947367
OG0000884	18	700.421052631579
OG0000885	18	660
OG0000886	18	954
OG0000887	18	666.9473684210526
OG0000888	18	1982.921052631579
OG0000889	18	1223.0526315789473
OG0000890	18	1488.078947368421
OG0000891	18	812.5263157894736
OG0000892	18	614.3684210526316
OG0000893	18	1279.1052631578948
OG0000894	18	1845
OG0000895	18	387
OG0000896	18	402
OG0000897	18	441
OG0000898	18	699
OG0000899	18	542.1315789473684
OG0000900	18	817.8157894736842
OG0000901	18	969
OG0000902	18	276.1578947368421
OG0000903	18	984.1578947368421
OG0000904	18	1895.921052631579
OG0000905	18	311.6842105263158
OG0000906	18	784.7368421052631
OG0000907	18	1717.657894736842
OG0000908	18	1358.2105263157894
OG0000909	18	1044.4736842105262
OG0000910	18	216
OG0000911	18	368.6842105263158
OG0000912	18	319.7368421052632
OG0000913	18	1566.157894736842
OG0000914	18	4701.789473684211
OG0000915	18	1525.578947368421
OG0000916	18	1095
OG0000917	18	429.07894736842104
OG0000918	18	682.3421052631579
OG0000919	18	748.8157894736842
OG0000920	18	2434.342105263158
OG0000921	18	1275
OG0000922	18	180
OG0000923	18	699.3157894736842
OG0000924	18	848.4473684210526
OG0000925	18	1041
OG0000926	18	798.8684210526316
OG0000927	18	1100.1315789473683
OG0000928	18	967.1052631578947
OG0000929	18	938.0526315789474
OG0000930	18	1134
OG0000931	18	390.3157894736842
OG0000932	18	411.7105263157895
OG0000933	18	282
OG0000934	18	484.57894736842104
OG0000935	18	1622.6842105263158
OG0000936	18	342
OG0000937	18	2922
OG0000938	18	1098.078947368421
OG0000939	18	1407
OG0000940	18	1213.8947368421052
OG0000941	18	3000.6315789473683
OG0000942	18	903
OG0000943	18	1197
OG0000944	18	963
OG0000945	18	1186.1052631578948
OG0000946	18	560.7631578947369
OG0000947	18	852
OG0000948	18	1239.157894736842
OG0000949	18	688.578947368421
OG0000950	18	901.9736842105264
OG0000951	18	798
OG0000952	18	648
OG0000953	18	1869
OG0000954	18	1308
OG0000955	18	1266
OG0000956	13	268.94117647058823
OG0000957	18	449.2142857142857
OG0000958	18	747.8684210526316
OG0000959	19	1102.8333333333333
OG0000960	20	2173.7368421052633
OG0000961	21	2135.3684210526317
OG0000962	19	1544.6153846153845
OG0000963	18	846
OG0000964	18	581.8421052631579
OG0000965	18	153
OG0000966	18	2907
OG0000967	18	933
OG0000968	18	297
OG0000969	18	640.421052631579
OG0000970	18	1661.7631578947369
OG0000971	18	3474.0789473684213
OG0000972	18	931.0263157894736
OG0000973	18	720.9473684210526
OG0000974	18	1587
OG0000975	18	2441.0526315789475
OG0000976	18	540
OG0000977	18	8576.684210526315
OG0000978	18	1839
OG0000979	18	2741.2894736842104
OG0000980	18	521.3684210526316
OG0000981	18	595.2631578947369
OG0000982	18	621.9473684210526
OG0000983	18	960.9473684210526
OG0000984	18	2531.0526315789475
OG0000985	18	636
OG0000986	18	1131.2368421052631
OG0000987	18	614.0526315789474
OG0000988	18	723
OG0000989	18	1922.0526315789473
OG0000990	18	1087.8947368421052
OG0000991	18	1880.842105263158
OG0000992	18	146.27027027027026
OG0000993	18	425.05263157894734
OG0000994	18	483
OG0000995	18	315.1578947368421
OG0000996	18	740.0526315789474
OG0000997	18	414
OG0000998	18	882.078947368421
OG0000999	18	1700.0526315789473
OG0001000	18	2219.9210526315787
OG0001001	18	848.921052631579
OG0001002	18	1412.2105263157894
OG0001003	18	960.1578947368421
OG0001004	18	865.2631578947369
OG0001005	18	1275.9473684210527
OG0001006	18	1398
OG0001007	18	2323.8947368421054
OG0001008	18	772.5
OG0001009	18	1044
OG0001010	18	485.2894736842105
OG0001011	18	869.6052631578947
OG0001012	18	672
OG0001013	18	1884
OG0001014	18	1263.2368421052631
OG0001015	18	2364.7105263157896
OG0001016	18	278.5945945945946
OG0001017	18	1377
OG0001018	18	1404.4736842105262
OG0001019	14	1113.090909090909
OG0001020	18	372
OG0001021	18	2352
OG0001022	18	2279.2894736842104
OG0001023	18	774
OG0001024	18	1029
OG0001025	18	1275
OG0001026	18	1176
OG0001027	18	2320.184210526316
OG0001028	17	247.94594594594594
OG0001029	18	1344
OG0001030	18	1796.2105263157894
OG0001031	18	933.4736842105264
OG0001032	18	471
OG0001033	18	352.57894736842104
OG0001034	18	433.2631578947368
OG0001035	18	871.3421052631579
OG0001036	18	1007.5263157894736
OG0001037	18	2577.2368421052633
OG0001038	18	632.0526315789474
OG0001039	18	711
OG0001040	18	885.5526315789474
OG0001041	18	713.2894736842105
OG0001042	18	1051.5
OG0001043	18	366.1578947368421
OG0001044	18	612
OG0001045	18	526.8157894736842
OG0001046	18	1011.3947368421053
OG0001047	18	1313.842105263158
OG0001048	18	2914.5
OG0001049	18	2085
OG0001050	18	494.61538461538464
OG0001051	18	1423.5
OG0001052	18	273
OG0001053	18	1801.1842105263158
OG0001054	18	1827
OG0001055	18	1743.8684210526317
OG0001056	18	1046.7631578947369
OG0001057	18	462
OG0001058	18	906
OG0001059	18	1394.842105263158
OG0001060	18	2317.5
OG0001061	18	273.94736842105266
OG0001062	18	811.6578947368421
OG0001063	18	938.2105263157895
OG0001064	18	821.5263157894736
OG0001065	18	1035
OG0001066	18	660
OG0001067	18	636
OG0001068	18	943.0263157894736
OG0001069	18	957.1578947368421
OG0001070	18	951
OG0001071	18	759
OG0001072	18	329.6756756756757
OG0001073	18	1014.7894736842105
OG0001074	18	579
OG0001075	18	1569.972972972973
OG0001076	18	555
OG0001077	18	444
OG0001078	18	996.1578947368421
OG0001079	16	320.75
OG0001080	18	551.3684210526316
OG0001081	17	1216.1351351351352
OG0001082	18	740.6842105263158
OG0001083	18	516.4736842105264
OG0001084	18	571.8648648648649
OG0001085	17	1791
OG0001086	18	1146.8684210526317
OG0001087	18	1454.921052631579
OG0001088	18	1325.6756756756756
OG0001089	18	416.7631578947368
OG0001090	18	2443.5789473684213
OG0001091	18	621
OG0001092	18	674.8421052631579
OG0001093	18	153
OG0001094	18	655.8157894736842
OG0001095	18	1300.1052631578948
OG0001096	17	750
OG0001097	18	1239
OG0001098	18	1284
OG0001099	18	2522.6052631578946
OG0001100	18	1107.219512195122
OG0001101	18	1311
OG0001102	18	1068.157894736842
OG0001103	18	1006.2631578947369
OG0001104	18	1248.157894736842
OG0001105	18	1574.3684210526317
OG0001106	18	360.7105263157895
OG0001107	18	350.60526315789474
OG0001108	18	786
OG0001109	18	540
OG0001110	18	608.0526315789474
OG0001111	18	2151
OG0001112	18	406.10526315789474
OG0001113	18	783
OG0001114	18	489
OG0001115	18	2270.5263157894738
OG0001116	18	293.44736842105266
OG0001117	18	207
OG0001118	18	1164
OG0001119	18	1537.7368421052631
OG0001120	18	636.4736842105264
OG0001121	18	865.0263157894736
OG0001122	18	1752.9473684210527
OG0001123	18	306
OG0001124	18	510
OG0001125	18	939
OG0001126	18	180
OG0001127	18	314.2894736842105
OG0001128	18	184.3421052631579
OG0001129	18	810.7105263157895
OG0001130	18	925.3421052631579
OG0001131	18	694.3421052631579
OG0001132	18	1197
OG0001133	18	665.2105263157895
OG0001134	18	637.1842105263158
OG0001135	18	314.44736842105266
OG0001136	18	310.57894736842104
OG0001137	18	2367.5526315789475
OG0001138	18	497.36842105263156
OG0001139	18	300.63157894736844
OG0001140	18	865.6578947368421
OG0001141	18	1212.157894736842
OG0001142	18	1918.5
OG0001143	18	492
OG0001144	16	536.2894736842105
OG0001145	18	568.0263157894736
OG0001146	18	695.3513513513514
OG0001147	18	441
OG0001148	20	1294.875
OG0001149	19	502.14285714285717
OG0001150	18	654
OG0001151	18	1941
OG0001152	18	288
OG0001153	18	295.8157894736842
OG0001154	18	315
OG0001155	18	309.63157894736844
OG0001156	18	2471.684210526316
OG0001157	18	673.5
OG0001158	18	806.921052631579
OG0001159	18	1160.2105263157894
OG0001160	18	1062.2368421052631
OG0001161	18	933.7894736842105
OG0001162	18	858.5526315789474
OG0001163	18	393.94736842105266
OG0001164	18	488.05263157894734
OG0001165	18	762
OG0001166	18	882
OG0001167	18	1398
OG0001168	18	903.5526315789474
OG0001169	18	297
OG0001170	18	394.9736842105263
OG0001171	18	465
OG0001172	18	452.60526315789474
OG0001173	18	429.1578947368421
OG0001174	18	1029
OG0001175	18	876
OG0001176	18	1412.2894736842106
OG0001177	8	978.5294117647059
OG0001178	18	918.1578947368421
OG0001179	18	1254
OG0001180	18	413.05263157894734
OG0001181	18	818.6842105263158
OG0001182	18	930.1578947368421
OG0001183	18	521.2105263157895
OG0001184	18	1124.842105263158
OG0001185	18	293.6666666666667
OG0001186	18	531
OG0001187	18	1278
OG0001188	18	1341
OG0001189	18	779.75
OG0001190	18	587.4166666666666
OG0001191	18	182.66666666666666
OG0001192	18	413.60526315789474
OG0001193	18	1475.842105263158
OG0001194	18	1526.6052631578948
OG0001195	18	2565
OG0001196	18	434.60526315789474
OG0001197	18	918.7105263157895
OG0001198	18	1520.1315789473683
OG0001199	18	489.86842105263156
OG0001200	18	1047
OG0001201	18	1427.4473684210527
OG0001202	18	346.62857142857143
OG0001203	27	766.65
OG0001204	18	374.5263157894737
OG0001205	18	252
OG0001206	18	384.94736842105266
OG0001207	18	537.2368421052631
OG0001208	18	246
OG0001209	18	1106.625
OG0001210	18	1029.6315789473683
OG0001211	18	974.4473684210526
OG0001212	18	229.57894736842104
OG0001213	18	628.578947368421
OG0001214	18	740.6842105263158
OG0001215	18	669
OG0001216	18	334.6578947368421
OG0001217	18	795
OG0001218	18	977.0526315789474
OG0001219	18	1051.1052631578948
OG0001220	18	593.2894736842105
OG0001221	18	366.7105263157895
OG0001222	18	988.421052631579
OG0001223	12	246.09375
OG0001224	18	1394.4857142857143
OG0001225	18	816.3947368421053
OG0001226	18	244.85294117647058
OG0001227	18	152.02702702702703
OG0001228	18	547.1142857142858
OG0001229	18	1437
OG0001230	18	747.6857142857143
OG0001231	18	1674
OG0001232	18	862.6578947368421
OG0001233	18	330.3157894736842
OG0001234	18	1815.157894736842
OG0001235	18	745.578947368421
OG0001236	18	547.578947368421
OG0001237	18	1257.7105263157894
OG0001238	18	867.9473684210526
OG0001239	18	853.4571428571429
OG0001240	18	401.8378378378378
OG0001241	19	252.35294117647058
OG0001242	18	1204.0263157894738
OG0001243	18	646.578947368421
OG0001244	18	635.6842105263158
OG0001245	18	1691.1315789473683
OG0001246	18	854.5263157894736
OG0001247	18	3506.7272727272725
OG0001248	18	3246.0789473684213
OG0001249	18	330.7105263157895
OG0001250	20	889.0833333333334
OG0001251	18	981.8333333333334
OG0001252	18	492
OG0001253	18	894.7894736842105
OG0001254	26	329
OG0001255	35	738.5526315789474
OG0001256	10	196.96153846153845
OG0001257	18	1314
OG0001258	18	318.79411764705884
OG0001259	18	1467.1764705882354
OG0001260	18	1151.2105263157894
OG0001261	18	328.0285714285714
OG0001262	18	309.2368421052632
OG0001263	18	380.6363636363636
OG0001264	17	1308
OG0001265	18	6240.6
OG0001266	18	389.7692307692308
OG0001267	17	1225.2972972972973
OG0001268	18	892.7368421052631
OG0001269	21	399.97297297297297
OG0001270	6	558.4285714285714
OG0001271	18	1401
OG0001272	18	2205
OG0001273	21	341.4
OG0001274	19	329.8
OG0001275	21	280.741935483871
OG0001276	18	354.39473684210526
OG0001277	17	806.9090909090909
OG0001278	25	582.4736842105264
OG0001279	17	919.2972972972973
OG0001280	16	189
OG0001281	18	1231.9736842105262
OG0001282	16	128.1219512195122
OG0001284	10	1921.0645161290322
OG0001285	10	1607.5714285714287
OG0001286	12	752.53125
OG0001287	15	254.07692307692307
OG0001288	18	423.6857142857143
OG0001289	17	1362.46875
OG0001290	18	1905.25
OG0001291	17	718.4117647058823
OG0001292	18	641.6363636363636
OG0001293	18	3714.1666666666665
OG0001294	18	399.96774193548384
OG0001295	18	402.77142857142854
OG0001296	14	666
OG0001297	17	945.3243243243244
OG0001298	18	689.921052631579
OG0001299	19	1803.5172413793102
OG0001300	9	284.4642857142857
OG0001301	18	448.4117647058824
OG0001302	14	1254.3214285714287
OG0001303	17	870.0909090909091
OG0001304	18	168.71052631578948
OG0001305	9	222.42857142857142
OG0001306	9	381.10714285714283
OG0001307	9	504.10714285714283
OG0001308	9	516
OG0001309	8	314.44444444444446
OG0001310	17	317.88461538461536
OG0001311	9	1389
OG0001312	18	2207.4827586206898
OG0001313	8	617.5555555555555
OG0001314	9	511.61538461538464
OG0001315	19	798.4444444444445
OG0001316	8	519
OG0001317	18	1341.6176470588234
OG0001318	19	755.625
OG0001319	18	561.09375
OG0001320	18	1117.6764705882354
OG0001321	30	627.3636363636364
OG0001322	10	550.25
OG0001323	18	2286.310344827586
OG0001324	18	677.53125
OG0001325	18	1836
OG0001326	9	335.52
OG0001327	9	249
OG0001328	9	371.5
OG0001329	10	317
OG0001330	16	1031.8846153846155
OG0001331	17	1335.5172413793102
OG0001332	16	972.09375
OG0001333	18	1122
OG0001334	17	519
OG0001335	8	1054.695652173913
OG0001336	17	1747.2413793103449
OG0001337	17	209.70967741935485
OG0001338	15	299.45454545454544
OG0001339	18	1065
OG0001340	18	148
OG0001341	18	1211.2758620689656
OG0001342	16	219
OG0001343	17	601.5
OG0001344	18	100.875
OG0001345	17	172.5
OG0001346	18	1219.8
OG0001347	19	347.34375
OG0001348	9	1379.590909090909
OG0001349	14	605.64
OG0001350	7	1025.375
OG0001351	9	433.2
OG0001352	18	369.6666666666667
OG0001353	17	334.32
OG0001354	17	327
OG0001355	17	751.32
OG0001356	4	720.75
OG0001357	17	285.0967741935484
OG0001358	16	141.8709677419355
OG0001359	15	679.2
OG0001360	9	905.3478260869565
OG0001361	17	675
OG0001362	6	298.2
OG0001363	19	305.76
OG0001364	10	199.22727272727272
OG0001365	15	570.9310344827586
OG0001366	14	325.96153846153845
OG0001367	17	473.57142857142856
OG0001368	17	672
OG0001369	17	849.625
OG0001370	17	1167.875
OG0001371	15	396
OG0001372	17	1770
OG0001373	16	351.51724137931035
OG0001374	17	407.8695652173913
OG0001375	27	199.11111111111111
OG0001376	17	355.2
OG0001377	5	296.125
OG0001378	15	190.2
OG0001379	19	1208.8695652173913
OG0001380	18	842.375
OG0001381	18	1870.857142857143
OG0001382	18	236.4
OG0001383	17	687.12
OG0001384	17	2337.48
OG0001385	16	174
OG0001386	15	1683.9130434782608
OG0001388	13	248.14285714285714
OG0001389	18	537
OG0001390	19	1366.92
OG0001391	5	252.72
OG0001392	7	376.95652173913044
OG0001393	6	374.72727272727275
OG0001394	16	444
OG0001395	14	138.13636363636363
OG0001396	15	325.08
OG0001397	15	538.5714285714286
OG0001398	6	239.5
OG0001399	16	273
OG0001400	16	180.6
OG0001401	24	559.125
OG0001402	12	872.1
OG0001403	19	195.11111111111111
OG0001404	16	1993.125
OG0001405	16	179.22222222222223
OG0001406	8	1525.5
OG0001407	15	606
OG0001408	15	1130.7
OG0001409	14	554.2105263157895
OG0001411	12	243
OG0001412	18	453
OG0001414	13	426.7142857142857
OG0001415	19	214.6153846153846
OG0001416	17	201.46153846153845
OG0001417	15	282.75
OG0001418	15	1371.45
OG0001419	14	385.57894736842104
OG0001421	5	543.4
OG0001422	12	314.2857142857143
OG0001423	18	1393.7142857142858
OG0001424	18	476.14285714285717
OG0001425	17	289.89473684210526
OG0001426	15	392.04
OG0001427	4	616.8333333333334
OG0001428	9	377.14285714285717
OG0001429	13	993.1578947368421
OG0001430	13	270
OG0001431	14	549.1578947368421
OG0001432	13	1036.6666666666667
OG0001433	13	342
OG0001434	13	935.8333333333334
OG0001435	12	426
OG0001436	12	190.58823529411765
OG0001437	5	265.94117647058823
OG0001438	18	363
OG0001439	18	588.8571428571429
OG0001441	17	228.125
OG0001442	5	790.421052631579
OG0001443	5	760.8333333333334
OG0001444	13	1587.3333333333333
OG0001445	12	495
OG0001446	13	525.8333333333334
OG0001447	18	396.625
OG0001448	18	1093.25
OG0001449	3	303.5625
OG0001450	6	256.125
OG0001452	16	203.86363636363637
OG0001453	18	842.6666666666666
OG0001455	7	190.57894736842104
OG0001456	19	322.5
OG0001458	12	404.11764705882354
OG0001459	13	585.1666666666666
OG0001460	12	315
OG0001461	12	350.11764705882354
OG0001462	16	387.27272727272725
OG0001463	17	173.42857142857142
OG0001464	5	314.25
OG0001466	18	180
OG0001467	16	275.05263157894734
OG0001468	7	252
OG0001470	9	198.6315789473684
OG0001471	11	339
OG0001472	16	376.8
OG0001474	5	291
OG0001475	18	974.5
OG0001476	8	705.5
OG0001479	8	244.875
OG0001480	21	195.85714285714286
OG0001482	18	240.33333333333334
OG0001483	17	1179
OG0001484	18	297
OG0001485	16	189
OG0001486	4	300.70588235294116
OG0001487	12	322.05882352941177
OG0001489	2	416.36842105263156
OG0001490	3	286.125
OG0001492	18	225.83333333333334
OG0001493	13	602.8421052631579
OG0001496	5	248.8125
OG0001497	7	354
OG0001498	3	309.9375
OG0001499	13	430.5
OG0001500	13	443.625
OG0001507	7	379.5
OG0001509	15	165.1578947368421
OG0001510	16	150.1578947368421
OG0001511	17	243
OG0001512	17	1098
OG0001513	16	204
OG0001514	18	166
OG0001515	3	225
OG0001518	17	564.8333333333334
OG0001520	4	1639.6363636363637
OG0001522	8	1278.5294117647059
OG0001523	17	276.3333333333333
OG0001524	16	120
OG0001525	16	222.33333333333334
OG0001526	18	202.83333333333334
OG0001527	16	210
OG0001528	18	167.66666666666666
OG0001529	18	208.83333333333334
OG0001530	17	379.7647058823529
OG0001531	2	277.8
OG0001532	3	381.3
OG0001533	8	1084.090909090909
OG0001534	4	292.5
OG0001535	3	468.75
OG0001540	6	415.875
OG0001541	9	289.94117647058823
OG0001543	9	619.0588235294117
OG0001544	5	183
OG0001545	16	150.9375
OG0001546	16	255
OG0001547	17	186
OG0001548	17	173.8235294117647
OG0001549	17	322.5882352941176
OG0001550	17	935.4705882352941
OG0001551	17	439.7647058823529
OG0001552	17	147
OG0001553	17	249.7058823529412
OG0001554	17	96.70588235294117
OG0001555	17	214.23529411764707
OG0001556	17	215.8235294117647
OG0001557	17	160.05882352941177
OG0001560	12	838
OG0001561	3	626.1818181818181
OG0001562	6	195
OG0001563	7	422
OG0001565	5	584.7272727272727
OG0001566	16	325.5
OG0001567	16	138
OG0001568	16	218.4375
OG0001569	16	208.5
OG0001570	16	159
OG0001571	16	162
OG0001572	16	387
OG0001573	16	283.6875
OG0001574	16	189
OG0001575	16	273
OG0001576	16	216
OG0001577	16	122.25
OG0001578	16	183
OG0001579	16	199.6875
OG0001580	16	183
OG0001581	16	783
OG0001582	16	261
OG0001583	16	204
OG0001584	16	111
OG0001585	16	177
OG0001586	16	156
OG0001587	16	618
OG0001588	16	168.375
OG0001589	16	134.25
OG0001590	16	162
OG0001591	16	120
OG0001592	6	396
OG0001593	8	917.3076923076923
OG0001595	10	433.2857142857143
OG0001598	6	455.6
OG0001601	14	123
OG0001602	8	408.9230769230769
OG0001603	14	568.2
OG0001604	10	357.4
OG0001605	15	291
OG0001606	15	222
OG0001607	15	108
OG0001608	15	313.4
OG0001609	15	516.6
OG0001611	6	201
OG0001612	5	301.6363636363636
OG0001619	9	186
OG0001621	4	180
OG0001622	11	246.27272727272728
OG0001623	14	417.64285714285717
OG0001624	14	171
OG0001625	14	132
OG0001626	6	300
OG0001644	9	2039.7272727272727
OG0001645	9	911.4545454545455
OG0001646	8	420
OG0001647	8	1056
OG0001648	8	1869.9
OG0001649	8	2298
OG0001651	10	411
OG0001652	13	99
OG0001653	13	292.15384615384613
OG0001654	13	131.53846153846155
OG0001655	13	123
OG0001656	13	192
OG0001657	13	613.3846153846154
OG0001658	12	367.75
OG0001661	11	155.72727272727272
OG0001672	8	1143
OG0001673	8	463.5
OG0001675	6	405
OG0001676	3	7552
OG0001677	11	153.8181818181818
OG0001678	12	189
OG0001679	11	164.1818181818182
OG0001680	12	138
OG0001681	10	1191
OG0001682	12	205.5
OG0001683	3	618
OG0001684	3	339
OG0001688	6	459.8181818181818
OG0001696	3	309.6666666666667
OG0001697	11	132
OG0001698	11	611.1818181818181
OG0001699	11	444
OG0001700	3	835.7142857142857
OG0001703	6	298.6666666666667
OG0001704	6	356.4
OG0001712	3	133.2
OG0001714	4	169.8
OG0001716	6	401.7
OG0001718	3	675
OG0001719	9	168.9
OG0001720	10	483.6
OG0001721	10	252
OG0001722	10	711
OG0001723	10	101.1
OG0001724	10	234
OG0001725	10	249.9
OG0001726	10	340.2
OG0001727	10	210
OG0001742	6	228.33333333333334
OG0001746	5	303
OG0001747	9	416.3333333333333
OG0001748	7	279.3333333333333
OG0001749	9	350.3333333333333
OG0001750	9	183
OG0001751	9	186
OG0001752	9	163.66666666666666
OG0001753	9	540
OG0001760	4	228
OG0001764	4	381
OG0001774	6	351
OG0001776	2	399.375
OG0001777	4	463.8
OG0001778	3	437.57142857142856
OG0001780	7	300.42857142857144
OG0001781	8	102
OG0001782	8	144
OG0001783	8	258
OG0001784	8	141
OG0001785	8	217.125
OG0001796	6	270
OG0001809	4	176.14285714285714
OG0001811	4	360
OG0001822	6	153
OG0001823	6	343.7142857142857
OG0001824	3	369.42857142857144
OG0001825	3	798.8571428571429
OG0001828	4	222
OG0001829	7	236.57142857142858
OG0001830	7	339.42857142857144
OG0001831	7	292.7142857142857
OG0001832	7	119.14285714285714
OG0001833	7	127.28571428571429
OG0001834	7	150.42857142857142
OG0001835	6	279
OG0001836	7	312
OG0001837	7	123.85714285714286
OG0001838	3	530.5714285714286
OG0001839	7	379.7142857142857
OG0001840	7	198.42857142857142
OG0001841	7	566.5714285714286
OG0001842	7	528
OG0001843	6	636
OG0001854	2	246
OG0001859	4	188.4
OG0001887	4	1639.8
OG0001890	4	271.5
OG0001891	6	96
OG0001892	6	168
OG0001893	6	268
OG0001894	6	117
OG0001895	6	221
OG0001896	6	90
OG0001897	6	279
OG0001904	4	285
OG0001915	3	730.2
OG0001924	3	519
OG0001930	2	571.8
OG0001931	5	273
OG0001932	5	219
OG0001933	5	367.2
OG0001934	5	196.2
OG0001935	5	201
OG0001936	5	108.6
OG0001937	5	411.6
OG0001938	5	207
OG0001939	5	205.8
OG0001940	5	246
OG0001941	5	150
OG0001946	3	1557
OG0001953	3	193.5
OG0001968	3	225.75
OG0001983	3	175.5
OG0001991	3	224.25
OG0001992	3	126
OG0001994	3	177
OG0001995	3	2253
OG0001996	3	433.5
OG0001997	3	726
OG0001998	3	312
OG0001999	3	330
OG0002000	3	1884
OG0002001	3	678
OG0002007	4	251.25
OG0002008	4	514.5
OG0002009	4	150
OG0002010	4	408
OG0002011	4	207
OG0002012	4	165
OG0002013	4	424.5
OG0002014	3	267
OG0002015	4	309.75
OG0002016	4	207
OG0002017	4	273
OG0002018	4	230.25
OG0002019	3	425.25
OG0002020	4	222
OG0002061	2	222
OG0002070	2	1405
OG0002071	2	400
OG0002073	2	726
OG0002076	2	525
OG0002078	2	115.5
OG0002118	3	237
OG0002119	2	300
OG0002120	3	117
OG0002121	3	147
OG0002122	3	2123
OG0002123	3	756
OG0002124	3	261
OG0002125	3	399
OG0002126	3	306
OG0002127	3	711
OG0002128	3	486
OG0002130	3	177
OG0002131	3	147
OG0002132	3	147
OG0002133	3	93
OG0002134	3	419
OG0002135	3	405
OG0002318	2	273
OG0002319	2	217.5
OG0002321	2	534
OG0002323	2	127.5
OG0002324	2	273
OG0002325	2	153
OG0002326	2	627
OG0002327	2	549
OG0002328	2	138
OG0002329	2	147
OG0002331	2	90
OG0002332	2	225
OG0002333	2	264
OG0002334	2	156
OG0002335	2	120
OG0002336	2	279
OG0002337	2	102
OG0002338	2	102
OG0002339	2	255
OG0002340	2	252
OG0002342	2	121.5
